Year,Garnizon,Age,Suicides
1999,KWP Kraków,0-6,1
1999,KWP Opole,0-6,0
1999,KWP Katowice,0-6,0
1999,KWP Poznań,0-6,2
1999,KSP Warszawa,0-6,0
1999,Polska,0-6,10
2000,KWP Kraków,0-6,0
2000,KWP Opole,0-6,1
2000,KWP Katowice,0-6,1
2000,KWP Poznań,0-6,1
2000,KSP Warszawa,0-6,0
2000,Polska,0-6,6
2001,KWP Kraków,0-6,0
2001,KWP Opole,0-6,0
2001,KWP Katowice,0-6,0
2001,KWP Poznań,0-6,2
2001,KSP Warszawa,0-6,2
2001,Polska,0-6,10
2002,KWP Kraków,0-6,0
2002,KWP Opole,0-6,0
2002,KWP Katowice,0-6,0
2002,KWP Poznań,0-6,0
2002,KSP Warszawa,0-6,0
2002,Polska,0-6,2
2003,KWP Kraków,0-6,0
2003,KWP Opole,0-6,0
2003,KWP Katowice,0-6,0
2003,KWP Poznań,0-6,0
2003,KSP Warszawa,0-6,0
2003,Polska,0-6,0
2004,KWP Kraków,0-6,0
2004,KWP Opole,0-6,0
2004,KWP Katowice,0-6,0
2004,KWP Poznań,0-6,0
2004,KSP Warszawa,0-6,0
2004,Polska,0-6,0
2005,KWP Kraków,0-6,0
2005,KWP Opole,0-6,0
2005,KWP Katowice,0-6,0
2005,KWP Poznań,0-6,0
2005,KSP Warszawa,0-6,0
2005,Polska,0-6,1
2006,KWP Kraków,0-6,0
2006,KWP Opole,0-6,0
2006,KWP Katowice,0-6,0
2006,KWP Poznań,0-6,0
2006,KSP Warszawa,0-6,0
2006,Polska,0-6,1
2007,KWP Kraków,0-6,0
2007,KWP Opole,0-6,0
2007,KWP Katowice,0-6,0
2007,KWP Poznań,0-6,0
2007,KSP Warszawa,0-6,0
2007,Polska,0-6,0
2008,KWP Kraków,0-6,0
2008,KWP Opole,0-6,0
2008,KWP Katowice,0-6,0
2008,KWP Poznań,0-6,0
2008,KSP Warszawa,0-6,0
2008,Polska,0-6,0
2009,KWP Kraków,0-6,0
2009,KWP Opole,0-6,0
2009,KWP Katowice,0-6,0
2009,KWP Poznań,0-6,0
2009,KSP Warszawa,0-6,0
2009,Polska,0-6,0
2010,KWP Kraków,0-6,0
2010,KWP Opole,0-6,0
2010,KWP Katowice,0-6,0
2010,KWP Poznań,0-6,0
2010,KSP Warszawa,0-6,0
2010,Polska,0-6,0
2011,KWP Kraków,0-6,0
2011,KWP Opole,0-6,0
2011,KWP Katowice,0-6,0
2011,KWP Poznań,0-6,0
2011,KSP Warszawa,0-6,0
2011,Polska,0-6,0
2012,KWP Kraków,0-6,0
2012,KWP Opole,0-6,0
2012,KWP Katowice,0-6,0
2012,KWP Poznań,0-6,0
2012,KSP Warszawa,0-6,0
2012,Polska,0-6,0
1999,KWP Kraków,7-12,0
1999,KWP Opole,7-12,1
1999,KWP Katowice,7-12,2
1999,KWP Poznań,7-12,2
1999,KSP Warszawa,7-12,0
1999,Polska,7-12,14
2000,KWP Kraków,7-12,1
2000,KWP Opole,7-12,0
2000,KWP Katowice,7-12,0
2000,KWP Poznań,7-12,3
2000,KSP Warszawa,7-12,1
2000,Polska,7-12,18
2001,KWP Kraków,7-12,2
2001,KWP Opole,7-12,0
2001,KWP Katowice,7-12,0
2001,KWP Poznań,7-12,0
2001,KSP Warszawa,7-12,0
2001,Polska,7-12,19
2002,KWP Kraków,7-12,0
2002,KWP Opole,7-12,0
2002,KWP Katowice,7-12,0
2002,KWP Poznań,7-12,2
2002,KSP Warszawa,7-12,0
2002,Polska,7-12,10
2003,KWP Kraków,7-12,1
2003,KWP Opole,7-12,0
2003,KWP Katowice,7-12,2
2003,KWP Poznań,7-12,0
2003,KSP Warszawa,7-12,1
2003,Polska,7-12,13
2004,KWP Kraków,7-12,1
2004,KWP Opole,7-12,0
2004,KWP Katowice,7-12,3
2004,KWP Poznań,7-12,1
2004,KSP Warszawa,7-12,0
2004,Polska,7-12,12
2005,KWP Kraków,7-12,2
2005,KWP Opole,7-12,1
2005,KWP Katowice,7-12,2
2005,KWP Poznań,7-12,2
2005,KSP Warszawa,7-12,1
2005,Polska,7-12,14
2006,KWP Kraków,7-12,0
2006,KWP Opole,7-12,2
2006,KWP Katowice,7-12,1
2006,KWP Poznań,7-12,2
2006,KSP Warszawa,7-12,0
2006,Polska,7-12,9
2007,KWP Kraków,7-12,1
2007,KWP Opole,7-12,1
2007,KWP Katowice,7-12,1
2007,KWP Poznań,7-12,1
2007,KSP Warszawa,7-12,0
2007,Polska,7-12,15
2008,KWP Kraków,7-12,0
2008,KWP Opole,7-12,0
2008,KWP Katowice,7-12,1
2008,KWP Poznań,7-12,2
2008,KSP Warszawa,7-12,1
2008,Polska,7-12,9
2009,KWP Kraków,7-12,0
2009,KWP Opole,7-12,0
2009,KWP Katowice,7-12,0
2009,KWP Poznań,7-12,0
2009,KSP Warszawa,7-12,2
2009,Polska,7-12,5
2010,KWP Kraków,7-12,1
2010,KWP Opole,7-12,0
2010,KWP Katowice,7-12,0
2010,KWP Poznań,7-12,1
2010,KSP Warszawa,7-12,0
2010,Polska,7-12,6
2011,KWP Kraków,7-12,0
2011,KWP Opole,7-12,0
2011,KWP Katowice,7-12,0
2011,KWP Poznań,7-12,1
2011,KSP Warszawa,7-12,1
2011,Polska,7-12,5
2012,KWP Kraków,7-12,1
2012,KWP Opole,7-12,1
2012,KWP Katowice,7-12,2
2012,KWP Poznań,7-12,0
2012,KSP Warszawa,7-12,0
2012,Polska,7-12,5
1999,KWP Kraków,13-18,12
1999,KWP Opole,13-18,13
1999,KWP Katowice,13-18,36
1999,KWP Poznań,13-18,45
1999,KSP Warszawa,13-18,9
1999,Polska,13-18,318
2000,KWP Kraków,13-18,30
2000,KWP Opole,13-18,15
2000,KWP Katowice,13-18,33
2000,KWP Poznań,13-18,24
2000,KSP Warszawa,13-18,4
2000,Polska,13-18,330
2001,KWP Kraków,13-18,23
2001,KWP Opole,13-18,8
2001,KWP Katowice,13-18,33
2001,KWP Poznań,13-18,37
2001,KSP Warszawa,13-18,4
2001,Polska,13-18,337
2002,KWP Kraków,13-18,32
2002,KWP Opole,13-18,14
2002,KWP Katowice,13-18,36
2002,KWP Poznań,13-18,40
2002,KSP Warszawa,13-18,4
2002,Polska,13-18,320
2003,KWP Kraków,13-18,20
2003,KWP Opole,13-18,10
2003,KWP Katowice,13-18,46
2003,KWP Poznań,13-18,28
2003,KSP Warszawa,13-18,6
2003,Polska,13-18,287
2004,KWP Kraków,13-18,27
2004,KWP Opole,13-18,14
2004,KWP Katowice,13-18,31
2004,KWP Poznań,13-18,27
2004,KSP Warszawa,13-18,13
2004,Polska,13-18,318
2005,KWP Kraków,13-18,24
2005,KWP Opole,13-18,12
2005,KWP Katowice,13-18,33
2005,KWP Poznań,13-18,18
2005,KSP Warszawa,13-18,9
2005,Polska,13-18,294
2006,KWP Kraków,13-18,24
2006,KWP Opole,13-18,13
2006,KWP Katowice,13-18,33
2006,KWP Poznań,13-18,20
2006,KSP Warszawa,13-18,8
2006,Polska,13-18,297
2007,KWP Kraków,13-18,20
2007,KWP Opole,13-18,8
2007,KWP Katowice,13-18,31
2007,KWP Poznań,13-18,17
2007,KSP Warszawa,13-18,4
2007,Polska,13-18,289
2008,KWP Kraków,13-18,20
2008,KWP Opole,13-18,12
2008,KWP Katowice,13-18,30
2008,KWP Poznań,13-18,22
2008,KSP Warszawa,13-18,3
2008,Polska,13-18,321
2009,KWP Kraków,13-18,17
2009,KWP Opole,13-18,13
2009,KWP Katowice,13-18,39
2009,KWP Poznań,13-18,20
2009,KSP Warszawa,13-18,14
2009,Polska,13-18,313
2010,KWP Kraków,13-18,19
2010,KWP Opole,13-18,21
2010,KWP Katowice,13-18,25
2010,KWP Poznań,13-18,10
2010,KSP Warszawa,13-18,8
2010,Polska,13-18,267
2011,KWP Kraków,13-18,13
2011,KWP Opole,13-18,7
2011,KWP Katowice,13-18,35
2011,KWP Poznań,13-18,16
2011,KSP Warszawa,13-18,5
2011,Polska,13-18,243
2012,KWP Kraków,13-18,18
2012,KWP Opole,13-18,13
2012,KWP Katowice,13-18,34
2012,KWP Poznań,13-18,9
2012,KSP Warszawa,13-18,22
2012,Polska,13-18,286
1999,KWP Kraków,19-24,41
1999,KWP Opole,19-24,15
1999,KWP Katowice,19-24,47
1999,KWP Poznań,19-24,60
1999,KSP Warszawa,19-24,15
1999,Polska,19-24,520
2000,KWP Kraków,19-24,50
2000,KWP Opole,19-24,23
2000,KWP Katowice,19-24,72
2000,KWP Poznań,19-24,51
2000,KSP Warszawa,19-24,10
2000,Polska,19-24,588
2001,KWP Kraków,19-24,48
2001,KWP Opole,19-24,13
2001,KWP Katowice,19-24,55
2001,KWP Poznań,19-24,58
2001,KSP Warszawa,19-24,6
2001,Polska,19-24,567
2002,KWP Kraków,19-24,58
2002,KWP Opole,19-24,15
2002,KWP Katowice,19-24,70
2002,KWP Poznań,19-24,69
2002,KSP Warszawa,19-24,13
2002,Polska,19-24,629
2003,KWP Kraków,19-24,35
2003,KWP Opole,19-24,20
2003,KWP Katowice,19-24,75
2003,KWP Poznań,19-24,51
2003,KSP Warszawa,19-24,20
2003,Polska,19-24,571
2004,KWP Kraków,19-24,48
2004,KWP Opole,19-24,13
2004,KWP Katowice,19-24,64
2004,KWP Poznań,19-24,63
2004,KSP Warszawa,19-24,29
2004,Polska,19-24,643
2005,KWP Kraków,19-24,41
2005,KWP Opole,19-24,22
2005,KWP Katowice,19-24,73
2005,KWP Poznań,19-24,57
2005,KSP Warszawa,19-24,23
2005,Polska,19-24,597
2006,KWP Kraków,19-24,36
2006,KWP Opole,19-24,30
2006,KWP Katowice,19-24,81
2006,KWP Poznań,19-24,38
2006,KSP Warszawa,19-24,26
2006,Polska,19-24,577
2007,KWP Kraków,19-24,35
2007,KWP Opole,19-24,31
2007,KWP Katowice,19-24,57
2007,KWP Poznań,19-24,29
2007,KSP Warszawa,19-24,22
2007,Polska,19-24,545
2008,KWP Kraków,19-24,29
2008,KWP Opole,19-24,20
2008,KWP Katowice,19-24,66
2008,KWP Poznań,19-24,25
2008,KSP Warszawa,19-24,22
2008,Polska,19-24,562
2009,KWP Kraków,19-24,38
2009,KWP Opole,19-24,16
2009,KWP Katowice,19-24,81
2009,KWP Poznań,19-24,43
2009,KSP Warszawa,19-24,19
2009,Polska,19-24,625
2010,KWP Kraków,19-24,38
2010,KWP Opole,19-24,28
2010,KWP Katowice,19-24,78
2010,KWP Poznań,19-24,38
2010,KSP Warszawa,19-24,23
2010,Polska,19-24,555
2011,KWP Kraków,19-24,41
2011,KWP Opole,19-24,26
2011,KWP Katowice,19-24,64
2011,KWP Poznań,19-24,31
2011,KSP Warszawa,19-24,26
2011,Polska,19-24,528
2012,KWP Kraków,19-24,57
2012,KWP Opole,19-24,11
2012,KWP Katowice,19-24,70
2012,KWP Poznań,19-24,27
2012,KSP Warszawa,19-24,36
2012,Polska,19-24,607
1999,KWP Kraków,25-29,19
1999,KWP Opole,25-29,7
1999,KWP Katowice,25-29,30
1999,KWP Poznań,25-29,53
1999,KSP Warszawa,25-29,10
1999,Polska,25-29,351
2000,KWP Kraków,25-29,42
2000,KWP Opole,25-29,12
2000,KWP Katowice,25-29,36
2000,KWP Poznań,25-29,50
2000,KSP Warszawa,25-29,6
2000,Polska,25-29,390
2001,KWP Kraków,25-29,41
2001,KWP Opole,25-29,11
2001,KWP Katowice,25-29,42
2001,KWP Poznań,25-29,40
2001,KSP Warszawa,25-29,4
2001,Polska,25-29,426
2002,KWP Kraków,25-29,37
2002,KWP Opole,25-29,10
2002,KWP Katowice,25-29,54
2002,KWP Poznań,25-29,42
2002,KSP Warszawa,25-29,8
2002,Polska,25-29,460
2003,KWP Kraków,25-29,37
2003,KWP Opole,25-29,12
2003,KWP Katowice,25-29,59
2003,KWP Poznań,25-29,39
2003,KSP Warszawa,25-29,18
2003,Polska,25-29,437
2004,KWP Kraków,25-29,33
2004,KWP Opole,25-29,17
2004,KWP Katowice,25-29,66
2004,KWP Poznań,25-29,34
2004,KSP Warszawa,25-29,25
2004,Polska,25-29,492
2005,KWP Kraków,25-29,39
2005,KWP Opole,25-29,19
2005,KWP Katowice,25-29,75
2005,KWP Poznań,25-29,39
2005,KSP Warszawa,25-29,22
2005,Polska,25-29,496
2006,KWP Kraków,25-29,43
2006,KWP Opole,25-29,18
2006,KWP Katowice,25-29,54
2006,KWP Poznań,25-29,28
2006,KSP Warszawa,25-29,15
2006,Polska,25-29,428
2007,KWP Kraków,25-29,35
2007,KWP Opole,25-29,12
2007,KWP Katowice,25-29,50
2007,KWP Poznań,25-29,36
2007,KSP Warszawa,25-29,13
2007,Polska,25-29,414
2008,KWP Kraków,25-29,35
2008,KWP Opole,25-29,15
2008,KWP Katowice,25-29,63
2008,KWP Poznań,25-29,29
2008,KSP Warszawa,25-29,22
2008,Polska,25-29,495
2009,KWP Kraków,25-29,46
2009,KWP Opole,25-29,12
2009,KWP Katowice,25-29,52
2009,KWP Poznań,25-29,21
2009,KSP Warszawa,25-29,21
2009,Polska,25-29,493
2010,KWP Kraków,25-29,47
2010,KWP Opole,25-29,24
2010,KWP Katowice,25-29,60
2010,KWP Poznań,25-29,26
2010,KSP Warszawa,25-29,24
2010,Polska,25-29,493
2011,KWP Kraków,25-29,39
2011,KWP Opole,25-29,10
2011,KWP Katowice,25-29,79
2011,KWP Poznań,25-29,25
2011,KSP Warszawa,25-29,14
2011,Polska,25-29,461
2012,KWP Kraków,25-29,40
2012,KWP Opole,25-29,21
2012,KWP Katowice,25-29,59
2012,KWP Poznań,25-29,20
2012,KSP Warszawa,25-29,36
2012,Polska,25-29,562
1999,KWP Kraków,30-34,22
1999,KWP Opole,30-34,13
1999,KWP Katowice,30-34,46
1999,KWP Poznań,30-34,48
1999,KSP Warszawa,30-34,7
1999,Polska,30-34,369
2000,KWP Kraków,30-34,45
2000,KWP Opole,30-34,13
2000,KWP Katowice,30-34,48
2000,KWP Poznań,30-34,48
2000,KSP Warszawa,30-34,6
2000,Polska,30-34,406
2001,KWP Kraków,30-34,43
2001,KWP Opole,30-34,12
2001,KWP Katowice,30-34,30
2001,KWP Poznań,30-34,44
2001,KSP Warszawa,30-34,10
2001,Polska,30-34,410
2002,KWP Kraków,30-34,44
2002,KWP Opole,30-34,8
2002,KWP Katowice,30-34,32
2002,KWP Poznań,30-34,42
2002,KSP Warszawa,30-34,14
2002,Polska,30-34,400
2003,KWP Kraków,30-34,32
2003,KWP Opole,30-34,11
2003,KWP Katowice,30-34,42
2003,KWP Poznań,30-34,26
2003,KSP Warszawa,30-34,12
2003,Polska,30-34,390
2004,KWP Kraków,30-34,38
2004,KWP Opole,30-34,12
2004,KWP Katowice,30-34,47
2004,KWP Poznań,30-34,26
2004,KSP Warszawa,30-34,32
2004,Polska,30-34,432
2005,KWP Kraków,30-34,34
2005,KWP Opole,30-34,10
2005,KWP Katowice,30-34,51
2005,KWP Poznań,30-34,50
2005,KSP Warszawa,30-34,28
2005,Polska,30-34,448
2006,KWP Kraków,30-34,28
2006,KWP Opole,30-34,17
2006,KWP Katowice,30-34,51
2006,KWP Poznań,30-34,19
2006,KSP Warszawa,30-34,16
2006,Polska,30-34,396
2007,KWP Kraków,30-34,23
2007,KWP Opole,30-34,11
2007,KWP Katowice,30-34,45
2007,KWP Poznań,30-34,35
2007,KSP Warszawa,30-34,16
2007,Polska,30-34,359
2008,KWP Kraków,30-34,33
2008,KWP Opole,30-34,18
2008,KWP Katowice,30-34,37
2008,KWP Poznań,30-34,38
2008,KSP Warszawa,30-34,14
2008,Polska,30-34,421
2009,KWP Kraków,30-34,35
2009,KWP Opole,30-34,20
2009,KWP Katowice,30-34,59
2009,KWP Poznań,30-34,38
2009,KSP Warszawa,30-34,21
2009,Polska,30-34,462
2010,KWP Kraków,30-34,44
2010,KWP Opole,30-34,16
2010,KWP Katowice,30-34,61
2010,KWP Poznań,30-34,39
2010,KSP Warszawa,30-34,22
2010,Polska,30-34,472
2011,KWP Kraków,30-34,39
2011,KWP Opole,30-34,14
2011,KWP Katowice,30-34,74
2011,KWP Poznań,30-34,25
2011,KSP Warszawa,30-34,17
2011,Polska,30-34,465
2012,KWP Kraków,30-34,42
2012,KWP Opole,30-34,6
2012,KWP Katowice,30-34,60
2012,KWP Poznań,30-34,19
2012,KSP Warszawa,30-34,32
2012,Polska,30-34,525
1999,KWP Kraków,35-39,25
1999,KWP Opole,35-39,22
1999,KWP Katowice,35-39,55
1999,KWP Poznań,35-39,64
1999,KSP Warszawa,35-39,5
1999,Polska,35-39,506
2000,KWP Kraków,35-39,52
2000,KWP Opole,35-39,15
2000,KWP Katowice,35-39,54
2000,KWP Poznań,35-39,61
2000,KSP Warszawa,35-39,8
2000,Polska,35-39,509
2001,KWP Kraków,35-39,54
2001,KWP Opole,35-39,13
2001,KWP Katowice,35-39,44
2001,KWP Poznań,35-39,51
2001,KSP Warszawa,35-39,5
2001,Polska,35-39,479
2002,KWP Kraków,35-39,41
2002,KWP Opole,35-39,11
2002,KWP Katowice,35-39,54
2002,KWP Poznań,35-39,48
2002,KSP Warszawa,35-39,9
2002,Polska,35-39,485
2003,KWP Kraków,35-39,29
2003,KWP Opole,35-39,14
2003,KWP Katowice,35-39,63
2003,KWP Poznań,35-39,53
2003,KSP Warszawa,35-39,13
2003,Polska,35-39,446
2004,KWP Kraków,35-39,46
2004,KWP Opole,35-39,10
2004,KWP Katowice,35-39,56
2004,KWP Poznań,35-39,32
2004,KSP Warszawa,35-39,18
2004,Polska,35-39,454
2005,KWP Kraków,35-39,33
2005,KWP Opole,35-39,10
2005,KWP Katowice,35-39,42
2005,KWP Poznań,35-39,45
2005,KSP Warszawa,35-39,17
2005,Polska,35-39,421
2006,KWP Kraków,35-39,27
2006,KWP Opole,35-39,9
2006,KWP Katowice,35-39,57
2006,KWP Poznań,35-39,38
2006,KSP Warszawa,35-39,12
2006,Polska,35-39,401
2007,KWP Kraków,35-39,23
2007,KWP Opole,35-39,11
2007,KWP Katowice,35-39,46
2007,KWP Poznań,35-39,27
2007,KSP Warszawa,35-39,17
2007,Polska,35-39,372
2008,KWP Kraków,35-39,30
2008,KWP Opole,35-39,15
2008,KWP Katowice,35-39,40
2008,KWP Poznań,35-39,25
2008,KSP Warszawa,35-39,20
2008,Polska,35-39,375
2009,KWP Kraków,35-39,46
2009,KWP Opole,35-39,23
2009,KWP Katowice,35-39,62
2009,KWP Poznań,35-39,44
2009,KSP Warszawa,35-39,18
2009,Polska,35-39,543
2010,KWP Kraków,35-39,28
2010,KWP Opole,35-39,13
2010,KWP Katowice,35-39,80
2010,KWP Poznań,35-39,32
2010,KSP Warszawa,35-39,19
2010,Polska,35-39,453
2011,KWP Kraków,35-39,36
2011,KWP Opole,35-39,16
2011,KWP Katowice,35-39,85
2011,KWP Poznań,35-39,27
2011,KSP Warszawa,35-39,19
2011,Polska,35-39,479
2012,KWP Kraków,35-39,32
2012,KWP Opole,35-39,11
2012,KWP Katowice,35-39,45
2012,KWP Poznań,35-39,25
2012,KSP Warszawa,35-39,36
2012,Polska,35-39,459
1999,KWP Kraków,40-44,40
1999,KWP Opole,40-44,23
1999,KWP Katowice,40-44,67
1999,KWP Poznań,40-44,85
1999,KSP Warszawa,40-44,14
1999,Polska,40-44,696
2000,KWP Kraków,40-44,67
2000,KWP Opole,40-44,18
2000,KWP Katowice,40-44,71
2000,KWP Poznań,40-44,87
2000,KSP Warszawa,40-44,18
2000,Polska,40-44,740
2001,KWP Kraków,40-44,74
2001,KWP Opole,40-44,14
2001,KWP Katowice,40-44,80
2001,KWP Poznań,40-44,88
2001,KSP Warszawa,40-44,17
2001,Polska,40-44,692
2002,KWP Kraków,40-44,75
2002,KWP Opole,40-44,16
2002,KWP Katowice,40-44,78
2002,KWP Poznań,40-44,83
2002,KSP Warszawa,40-44,18
2002,Polska,40-44,710
2003,KWP Kraków,40-44,54
2003,KWP Opole,40-44,17
2003,KWP Katowice,40-44,70
2003,KWP Poznań,40-44,65
2003,KSP Warszawa,40-44,28
2003,Polska,40-44,604
2004,KWP Kraków,40-44,56
2004,KWP Opole,40-44,19
2004,KWP Katowice,40-44,67
2004,KWP Poznań,40-44,60
2004,KSP Warszawa,40-44,26
2004,Polska,40-44,612
2005,KWP Kraków,40-44,48
2005,KWP Opole,40-44,6
2005,KWP Katowice,40-44,54
2005,KWP Poznań,40-44,51
2005,KSP Warszawa,40-44,20
2005,Polska,40-44,505
2006,KWP Kraków,40-44,30
2006,KWP Opole,40-44,15
2006,KWP Katowice,40-44,52
2006,KWP Poznań,40-44,39
2006,KSP Warszawa,40-44,12
2006,Polska,40-44,460
2007,KWP Kraków,40-44,33
2007,KWP Opole,40-44,11
2007,KWP Katowice,40-44,47
2007,KWP Poznań,40-44,41
2007,KSP Warszawa,40-44,5
2007,Polska,40-44,399
2008,KWP Kraków,40-44,25
2008,KWP Opole,40-44,15
2008,KWP Katowice,40-44,55
2008,KWP Poznań,40-44,27
2008,KSP Warszawa,40-44,19
2008,Polska,40-44,436
2009,KWP Kraków,40-44,29
2009,KWP Opole,40-44,13
2009,KWP Katowice,40-44,70
2009,KWP Poznań,40-44,43
2009,KSP Warszawa,40-44,21
2009,Polska,40-44,462
2010,KWP Kraków,40-44,46
2010,KWP Opole,40-44,13
2010,KWP Katowice,40-44,65
2010,KWP Poznań,40-44,32
2010,KSP Warszawa,40-44,15
2010,Polska,40-44,454
2011,KWP Kraków,40-44,37
2011,KWP Opole,40-44,9
2011,KWP Katowice,40-44,53
2011,KWP Poznań,40-44,32
2011,KSP Warszawa,40-44,17
2011,Polska,40-44,415
2012,KWP Kraków,40-44,35
2012,KWP Opole,40-44,12
2012,KWP Katowice,40-44,44
2012,KWP Poznań,40-44,24
2012,KSP Warszawa,40-44,28
2012,Polska,40-44,455
1999,KWP Kraków,45-49,41
1999,KWP Opole,45-49,26
1999,KWP Katowice,45-49,71
1999,KWP Poznań,45-49,84
1999,KSP Warszawa,45-49,18
1999,Polska,45-49,719
2000,KWP Kraków,45-49,68
2000,KWP Opole,45-49,21
2000,KWP Katowice,45-49,78
2000,KWP Poznań,45-49,81
2000,KSP Warszawa,45-49,9
2000,Polska,45-49,741
2001,KWP Kraków,45-49,95
2001,KWP Opole,45-49,18
2001,KWP Katowice,45-49,81
2001,KWP Poznań,45-49,92
2001,KSP Warszawa,45-49,9
2001,Polska,45-49,788
2002,KWP Kraków,45-49,82
2002,KWP Opole,45-49,17
2002,KWP Katowice,45-49,70
2002,KWP Poznań,45-49,88
2002,KSP Warszawa,45-49,16
2002,Polska,45-49,766
2003,KWP Kraków,45-49,69
2003,KWP Opole,45-49,20
2003,KWP Katowice,45-49,85
2003,KWP Poznań,45-49,72
2003,KSP Warszawa,45-49,24
2003,Polska,45-49,745
2004,KWP Kraków,45-49,56
2004,KWP Opole,45-49,25
2004,KWP Katowice,45-49,76
2004,KWP Poznań,45-49,72
2004,KSP Warszawa,45-49,25
2004,Polska,45-49,752
2005,KWP Kraków,45-49,65
2005,KWP Opole,45-49,20
2005,KWP Katowice,45-49,78
2005,KWP Poznań,45-49,66
2005,KSP Warszawa,45-49,38
2005,Polska,45-49,733
2006,KWP Kraków,45-49,46
2006,KWP Opole,45-49,21
2006,KWP Katowice,45-49,64
2006,KWP Poznań,45-49,68
2006,KSP Warszawa,45-49,21
2006,Polska,45-49,637
2007,KWP Kraków,45-49,39
2007,KWP Opole,45-49,24
2007,KWP Katowice,45-49,44
2007,KWP Poznań,45-49,55
2007,KSP Warszawa,45-49,27
2007,Polska,45-49,528
2008,KWP Kraków,45-49,42
2008,KWP Opole,45-49,14
2008,KWP Katowice,45-49,51
2008,KWP Poznań,45-49,34
2008,KSP Warszawa,45-49,20
2008,Polska,45-49,556
2009,KWP Kraków,45-49,47
2009,KWP Opole,45-49,19
2009,KWP Katowice,45-49,77
2009,KWP Poznań,45-49,59
2009,KSP Warszawa,45-49,27
2009,Polska,45-49,653
2010,KWP Kraków,45-49,52
2010,KWP Opole,45-49,19
2010,KWP Katowice,45-49,68
2010,KWP Poznań,45-49,38
2010,KSP Warszawa,45-49,26
2010,Polska,45-49,520
2011,KWP Kraków,45-49,41
2011,KWP Opole,45-49,11
2011,KWP Katowice,45-49,72
2011,KWP Poznań,45-49,26
2011,KSP Warszawa,45-49,13
2011,Polska,45-49,451
2012,KWP Kraków,45-49,47
2012,KWP Opole,45-49,13
2012,KWP Katowice,45-49,57
2012,KWP Poznań,45-49,30
2012,KSP Warszawa,45-49,32
2012,Polska,45-49,508
1999,KWP Kraków,50-54,29
1999,KWP Opole,50-54,10
1999,KWP Katowice,50-54,53
1999,KWP Poznań,50-54,61
1999,KSP Warszawa,50-54,12
1999,Polska,50-54,460
2000,KWP Kraków,50-54,49
2000,KWP Opole,50-54,13
2000,KWP Katowice,50-54,51
2000,KWP Poznań,50-54,70
2000,KSP Warszawa,50-54,9
2000,Polska,50-54,549
2001,KWP Kraków,50-54,60
2001,KWP Opole,50-54,19
2001,KWP Katowice,50-54,57
2001,KWP Poznań,50-54,75
2001,KSP Warszawa,50-54,13
2001,Polska,50-54,646
2002,KWP Kraków,50-54,74
2002,KWP Opole,50-54,16
2002,KWP Katowice,50-54,72
2002,KWP Poznań,50-54,77
2002,KSP Warszawa,50-54,18
2002,Polska,50-54,687
2003,KWP Kraków,50-54,60
2003,KWP Opole,50-54,10
2003,KWP Katowice,50-54,65
2003,KWP Poznań,50-54,72
2003,KSP Warszawa,50-54,22
2003,Polska,50-54,649
2004,KWP Kraków,50-54,58
2004,KWP Opole,50-54,27
2004,KWP Katowice,50-54,76
2004,KWP Poznań,50-54,76
2004,KSP Warszawa,50-54,33
2004,Polska,50-54,714
2005,KWP Kraków,50-54,54
2005,KWP Opole,50-54,24
2005,KWP Katowice,50-54,88
2005,KWP Poznań,50-54,50
2005,KSP Warszawa,50-54,35
2005,Polska,50-54,670
2006,KWP Kraków,50-54,39
2006,KWP Opole,50-54,16
2006,KWP Katowice,50-54,68
2006,KWP Poznań,50-54,51
2006,KSP Warszawa,50-54,31
2006,Polska,50-54,591
2007,KWP Kraków,50-54,29
2007,KWP Opole,50-54,9
2007,KWP Katowice,50-54,44
2007,KWP Poznań,50-54,48
2007,KSP Warszawa,50-54,26
2007,Polska,50-54,501
2008,KWP Kraków,50-54,50
2008,KWP Opole,50-54,15
2008,KWP Katowice,50-54,59
2008,KWP Poznań,50-54,51
2008,KSP Warszawa,50-54,24
2008,Polska,50-54,610
2009,KWP Kraków,50-54,57
2009,KWP Opole,50-54,28
2009,KWP Katowice,50-54,83
2009,KWP Poznań,50-54,56
2009,KSP Warszawa,50-54,31
2009,Polska,50-54,721
2010,KWP Kraków,50-54,56
2010,KWP Opole,50-54,15
2010,KWP Katowice,50-54,73
2010,KWP Poznań,50-54,50
2010,KSP Warszawa,50-54,24
2010,Polska,50-54,660
2011,KWP Kraków,50-54,56
2011,KWP Opole,50-54,17
2011,KWP Katowice,50-54,75
2011,KWP Poznań,50-54,45
2011,KSP Warszawa,50-54,28
2011,Polska,50-54,629
2012,KWP Kraków,50-54,63
2012,KWP Opole,50-54,12
2012,KWP Katowice,50-54,56
2012,KWP Poznań,50-54,39
2012,KSP Warszawa,50-54,45
2012,Polska,50-54,636
1999,KWP Kraków,55-59,21
1999,KWP Opole,55-59,15
1999,KWP Katowice,55-59,37
1999,KWP Poznań,55-59,32
1999,KSP Warszawa,55-59,3
1999,Polska,55-59,313
2000,KWP Kraków,55-59,32
2000,KWP Opole,55-59,10
2000,KWP Katowice,55-59,34
2000,KWP Poznań,55-59,43
2000,KSP Warszawa,55-59,3
2000,Polska,55-59,320
2001,KWP Kraków,55-59,34
2001,KWP Opole,55-59,11
2001,KWP Katowice,55-59,44
2001,KWP Poznań,55-59,39
2001,KSP Warszawa,55-59,5
2001,Polska,55-59,338
2002,KWP Kraków,55-59,50
2002,KWP Opole,55-59,15
2002,KWP Katowice,55-59,48
2002,KWP Poznań,55-59,38
2002,KSP Warszawa,55-59,11
2002,Polska,55-59,372
2003,KWP Kraków,55-59,45
2003,KWP Opole,55-59,7
2003,KWP Katowice,55-59,54
2003,KWP Poznań,55-59,33
2003,KSP Warszawa,55-59,9
2003,Polska,55-59,373
2004,KWP Kraków,55-59,54
2004,KWP Opole,55-59,14
2004,KWP Katowice,55-59,48
2004,KWP Poznań,55-59,28
2004,KSP Warszawa,55-59,31
2004,Polska,55-59,449
2005,KWP Kraków,55-59,39
2005,KWP Opole,55-59,12
2005,KWP Katowice,55-59,58
2005,KWP Poznań,55-59,45
2005,KSP Warszawa,55-59,15
2005,Polska,55-59,471
2006,KWP Kraków,55-59,42
2006,KWP Opole,55-59,12
2006,KWP Katowice,55-59,50
2006,KWP Poznań,55-59,41
2006,KSP Warszawa,55-59,12
2006,Polska,55-59,444
2007,KWP Kraków,55-59,33
2007,KWP Opole,55-59,7
2007,KWP Katowice,55-59,45
2007,KWP Poznań,55-59,35
2007,KSP Warszawa,55-59,17
2007,Polska,55-59,389
2008,KWP Kraków,55-59,25
2008,KWP Opole,55-59,13
2008,KWP Katowice,55-59,50
2008,KWP Poznań,55-59,34
2008,KSP Warszawa,55-59,23
2008,Polska,55-59,505
2009,KWP Kraków,55-59,53
2009,KWP Opole,55-59,14
2009,KWP Katowice,55-59,77
2009,KWP Poznań,55-59,41
2009,KSP Warszawa,55-59,27
2009,Polska,55-59,609
2010,KWP Kraków,55-59,44
2010,KWP Opole,55-59,15
2010,KWP Katowice,55-59,65
2010,KWP Poznań,55-59,46
2010,KSP Warszawa,55-59,24
2010,Polska,55-59,573
2011,KWP Kraków,55-59,58
2011,KWP Opole,55-59,12
2011,KWP Katowice,55-59,49
2011,KWP Poznań,55-59,41
2011,KSP Warszawa,55-59,25
2011,Polska,55-59,548
2012,KWP Kraków,55-59,48
2012,KWP Opole,55-59,19
2012,KWP Katowice,55-59,58
2012,KWP Poznań,55-59,34
2012,KSP Warszawa,55-59,44
2012,Polska,55-59,611
1999,KWP Kraków,60-64,15
1999,KWP Opole,60-64,16
1999,KWP Katowice,60-64,41
1999,KWP Poznań,60-64,27
1999,KSP Warszawa,60-64,7
1999,Polska,60-64,279
2000,KWP Kraków,60-64,40
2000,KWP Opole,60-64,15
2000,KWP Katowice,60-64,38
2000,KWP Poznań,60-64,38
2000,KSP Warszawa,60-64,9
2000,Polska,60-64,311
2001,KWP Kraków,60-64,40
2001,KWP Opole,60-64,15
2001,KWP Katowice,60-64,32
2001,KWP Poznań,60-64,35
2001,KSP Warszawa,60-64,5
2001,Polska,60-64,294
2002,KWP Kraków,60-64,41
2002,KWP Opole,60-64,10
2002,KWP Katowice,60-64,47
2002,KWP Poznań,60-64,26
2002,KSP Warszawa,60-64,2
2002,Polska,60-64,303
2003,KWP Kraków,60-64,28
2003,KWP Opole,60-64,6
2003,KWP Katowice,60-64,38
2003,KWP Poznań,60-64,21
2003,KSP Warszawa,60-64,8
2003,Polska,60-64,283
2004,KWP Kraków,60-64,30
2004,KWP Opole,60-64,9
2004,KWP Katowice,60-64,33
2004,KWP Poznań,60-64,26
2004,KSP Warszawa,60-64,14
2004,Polska,60-64,295
2005,KWP Kraków,60-64,32
2005,KWP Opole,60-64,4
2005,KWP Katowice,60-64,44
2005,KWP Poznań,60-64,20
2005,KSP Warszawa,60-64,17
2005,Polska,60-64,288
2006,KWP Kraków,60-64,21
2006,KWP Opole,60-64,4
2006,KWP Katowice,60-64,38
2006,KWP Poznań,60-64,18
2006,KSP Warszawa,60-64,5
2006,Polska,60-64,238
2007,KWP Kraków,60-64,18
2007,KWP Opole,60-64,7
2007,KWP Katowice,60-64,27
2007,KWP Poznań,60-64,34
2007,KSP Warszawa,60-64,10
2007,Polska,60-64,239
2008,KWP Kraków,60-64,27
2008,KWP Opole,60-64,3
2008,KWP Katowice,60-64,21
2008,KWP Poznań,60-64,27
2008,KSP Warszawa,60-64,15
2008,Polska,60-64,288
2009,KWP Kraków,60-64,31
2009,KWP Opole,60-64,10
2009,KWP Katowice,60-64,33
2009,KWP Poznań,60-64,34
2009,KSP Warszawa,60-64,17
2009,Polska,60-64,345
2010,KWP Kraków,60-64,20
2010,KWP Opole,60-64,7
2010,KWP Katowice,60-64,47
2010,KWP Poznań,60-64,27
2010,KSP Warszawa,60-64,17
2010,Polska,60-64,353
2011,KWP Kraków,60-64,25
2011,KWP Opole,60-64,5
2011,KWP Katowice,60-64,47
2011,KWP Poznań,60-64,16
2011,KSP Warszawa,60-64,14
2011,Polska,60-64,331
2012,KWP Kraków,60-64,25
2012,KWP Opole,60-64,13
2012,KWP Katowice,60-64,43
2012,KWP Poznań,60-64,29
2012,KSP Warszawa,60-64,26
2012,Polska,60-64,443
1999,KWP Kraków,65-69,19
1999,KWP Opole,65-69,15
1999,KWP Katowice,65-69,16
1999,KWP Poznań,65-69,33
1999,KSP Warszawa,65-69,6
1999,Polska,65-69,235
2000,KWP Kraków,65-69,29
2000,KWP Opole,65-69,11
2000,KWP Katowice,65-69,24
2000,KWP Poznań,65-69,27
2000,KSP Warszawa,65-69,6
2000,Polska,65-69,246
2001,KWP Kraków,65-69,25
2001,KWP Opole,65-69,7
2001,KWP Katowice,65-69,22
2001,KWP Poznań,65-69,26
2001,KSP Warszawa,65-69,3
2001,Polska,65-69,224
2002,KWP Kraków,65-69,30
2002,KWP Opole,65-69,10
2002,KWP Katowice,65-69,34
2002,KWP Poznań,65-69,30
2002,KSP Warszawa,65-69,6
2002,Polska,65-69,294
2003,KWP Kraków,65-69,32
2003,KWP Opole,65-69,10
2003,KWP Katowice,65-69,30
2003,KWP Poznań,65-69,22
2003,KSP Warszawa,65-69,9
2003,Polska,65-69,249
2004,KWP Kraków,65-69,23
2004,KWP Opole,65-69,11
2004,KWP Katowice,65-69,25
2004,KWP Poznań,65-69,21
2004,KSP Warszawa,65-69,10
2004,Polska,65-69,240
2005,KWP Kraków,65-69,23
2005,KWP Opole,65-69,10
2005,KWP Katowice,65-69,31
2005,KWP Poznań,65-69,17
2005,KSP Warszawa,65-69,8
2005,Polska,65-69,221
2006,KWP Kraków,65-69,18
2006,KWP Opole,65-69,13
2006,KWP Katowice,65-69,20
2006,KWP Poznań,65-69,16
2006,KSP Warszawa,65-69,3
2006,Polska,65-69,203
2007,KWP Kraków,65-69,12
2007,KWP Opole,65-69,6
2007,KWP Katowice,65-69,24
2007,KWP Poznań,65-69,22
2007,KSP Warszawa,65-69,3
2007,Polska,65-69,186
2008,KWP Kraków,65-69,14
2008,KWP Opole,65-69,4
2008,KWP Katowice,65-69,26
2008,KWP Poznań,65-69,17
2008,KSP Warszawa,65-69,6
2008,Polska,65-69,197
2009,KWP Kraków,65-69,26
2009,KWP Opole,65-69,7
2009,KWP Katowice,65-69,21
2009,KWP Poznań,65-69,21
2009,KSP Warszawa,65-69,7
2009,Polska,65-69,219
2010,KWP Kraków,65-69,22
2010,KWP Opole,65-69,3
2010,KWP Katowice,65-69,31
2010,KWP Poznań,65-69,11
2010,KSP Warszawa,65-69,11
2010,Polska,65-69,209
2011,KWP Kraków,65-69,19
2011,KWP Opole,65-69,1
2011,KWP Katowice,65-69,19
2011,KWP Poznań,65-69,14
2011,KSP Warszawa,65-69,5
2011,Polska,65-69,151
2012,KWP Kraków,65-69,19
2012,KWP Opole,65-69,2
2012,KWP Katowice,65-69,25
2012,KWP Poznań,65-69,10
2012,KSP Warszawa,65-69,15
2012,Polska,65-69,213
1999,KWP Kraków,70-74,8
1999,KWP Opole,70-74,8
1999,KWP Katowice,70-74,12
1999,KWP Poznań,70-74,23
1999,KSP Warszawa,70-74,3
1999,Polska,70-74,167
2000,KWP Kraków,70-74,18
2000,KWP Opole,70-74,3
2000,KWP Katowice,70-74,12
2000,KWP Poznań,70-74,21
2000,KSP Warszawa,70-74,5
2000,Polska,70-74,174
2001,KWP Kraków,70-74,22
2001,KWP Opole,70-74,3
2001,KWP Katowice,70-74,20
2001,KWP Poznań,70-74,26
2001,KSP Warszawa,70-74,4
2001,Polska,70-74,208
2002,KWP Kraków,70-74,36
2002,KWP Opole,70-74,7
2002,KWP Katowice,70-74,16
2002,KWP Poznań,70-74,13
2002,KSP Warszawa,70-74,3
2002,Polska,70-74,214
2003,KWP Kraków,70-74,14
2003,KWP Opole,70-74,11
2003,KWP Katowice,70-74,15
2003,KWP Poznań,70-74,13
2003,KSP Warszawa,70-74,5
2003,Polska,70-74,173
2004,KWP Kraków,70-74,18
2004,KWP Opole,70-74,6
2004,KWP Katowice,70-74,24
2004,KWP Poznań,70-74,17
2004,KSP Warszawa,70-74,14
2004,Polska,70-74,214
2005,KWP Kraków,70-74,14
2005,KWP Opole,70-74,7
2005,KWP Katowice,70-74,14
2005,KWP Poznań,70-74,14
2005,KSP Warszawa,70-74,12
2005,Polska,70-74,195
2006,KWP Kraków,70-74,11
2006,KWP Opole,70-74,3
2006,KWP Katowice,70-74,31
2006,KWP Poznań,70-74,16
2006,KSP Warszawa,70-74,8
2006,Polska,70-74,168
2007,KWP Kraków,70-74,16
2007,KWP Opole,70-74,4
2007,KWP Katowice,70-74,22
2007,KWP Poznań,70-74,25
2007,KSP Warszawa,70-74,6
2007,Polska,70-74,156
2008,KWP Kraków,70-74,21
2008,KWP Opole,70-74,4
2008,KWP Katowice,70-74,22
2008,KWP Poznań,70-74,8
2008,KSP Warszawa,70-74,6
2008,Polska,70-74,161
2009,KWP Kraków,70-74,10
2009,KWP Opole,70-74,4
2009,KWP Katowice,70-74,18
2009,KWP Poznań,70-74,12
2009,KSP Warszawa,70-74,6
2009,Polska,70-74,153
2010,KWP Kraków,70-74,15
2010,KWP Opole,70-74,6
2010,KWP Katowice,70-74,20
2010,KWP Poznań,70-74,10
2010,KSP Warszawa,70-74,5
2010,Polska,70-74,147
2011,KWP Kraków,70-74,18
2011,KWP Opole,70-74,8
2011,KWP Katowice,70-74,19
2011,KWP Poznań,70-74,7
2011,KSP Warszawa,70-74,5
2011,Polska,70-74,143
2012,KWP Kraków,70-74,16
2012,KWP Opole,70-74,3
2012,KWP Katowice,70-74,19
2012,KWP Poznań,70-74,5
2012,KSP Warszawa,70-74,10
2012,Polska,70-74,137
1999,KWP Kraków,75-79,4
1999,KWP Opole,75-79,1
1999,KWP Katowice,75-79,14
1999,KWP Poznań,75-79,12
1999,KSP Warszawa,75-79,2
1999,Polska,75-79,97
2000,KWP Kraków,75-79,11
2000,KWP Opole,75-79,5
2000,KWP Katowice,75-79,6
2000,KWP Poznań,75-79,20
2000,KSP Warszawa,75-79,1
2000,Polska,75-79,137
2001,KWP Kraków,75-79,13
2001,KWP Opole,75-79,2
2001,KWP Katowice,75-79,1
2001,KWP Poznań,75-79,15
2001,KSP Warszawa,75-79,2
2001,Polska,75-79,118
2002,KWP Kraków,75-79,21
2002,KWP Opole,75-79,2
2002,KWP Katowice,75-79,11
2002,KWP Poznań,75-79,6
2002,KSP Warszawa,75-79,1
2002,Polska,75-79,108
2003,KWP Kraków,75-79,13
2003,KWP Opole,75-79,8
2003,KWP Katowice,75-79,9
2003,KWP Poznań,75-79,12
2003,KSP Warszawa,75-79,5
2003,Polska,75-79,114
2004,KWP Kraków,75-79,12
2004,KWP Opole,75-79,4
2004,KWP Katowice,75-79,19
2004,KWP Poznań,75-79,13
2004,KSP Warszawa,75-79,7
2004,Polska,75-79,127
2005,KWP Kraków,75-79,11
2005,KWP Opole,75-79,3
2005,KWP Katowice,75-79,8
2005,KWP Poznań,75-79,9
2005,KSP Warszawa,75-79,7
2005,Polska,75-79,117
2006,KWP Kraków,75-79,11
2006,KWP Opole,75-79,7
2006,KWP Katowice,75-79,10
2006,KWP Poznań,75-79,10
2006,KSP Warszawa,75-79,9
2006,Polska,75-79,132
2007,KWP Kraków,75-79,13
2007,KWP Opole,75-79,3
2007,KWP Katowice,75-79,11
2007,KWP Poznań,75-79,9
2007,KSP Warszawa,75-79,4
2007,Polska,75-79,110
2008,KWP Kraków,75-79,9
2008,KWP Opole,75-79,2
2008,KWP Katowice,75-79,11
2008,KWP Poznań,75-79,7
2008,KSP Warszawa,75-79,6
2008,Polska,75-79,127
2009,KWP Kraków,75-79,10
2009,KWP Opole,75-79,3
2009,KWP Katowice,75-79,19
2009,KWP Poznań,75-79,9
2009,KSP Warszawa,75-79,10
2009,Polska,75-79,120
2010,KWP Kraków,75-79,14
2010,KWP Opole,75-79,2
2010,KWP Katowice,75-79,13
2010,KWP Poznań,75-79,7
2010,KSP Warszawa,75-79,5
2010,Polska,75-79,113
2011,KWP Kraków,75-79,6
2011,KWP Opole,75-79,1
2011,KWP Katowice,75-79,9
2011,KWP Poznań,75-79,9
2011,KSP Warszawa,75-79,6
2011,Polska,75-79,106
2012,KWP Kraków,75-79,11
2012,KWP Opole,75-79,7
2012,KWP Katowice,75-79,16
2012,KWP Poznań,75-79,11
2012,KSP Warszawa,75-79,8
2012,Polska,75-79,130
1999,KWP Kraków,80-84,3
1999,KWP Opole,80-84,1
1999,KWP Katowice,80-84,6
1999,KWP Poznań,80-84,6
1999,KSP Warszawa,80-84,2
1999,Polska,80-84,56
2000,KWP Kraków,80-84,6
2000,KWP Opole,80-84,1
2000,KWP Katowice,80-84,6
2000,KWP Poznań,80-84,9
2000,KSP Warszawa,80-84,0
2000,Polska,80-84,62
2001,KWP Kraków,80-84,9
2001,KWP Opole,80-84,1
2001,KWP Katowice,80-84,3
2001,KWP Poznań,80-84,6
2001,KSP Warszawa,80-84,2
2001,Polska,80-84,53
2002,KWP Kraków,80-84,8
2002,KWP Opole,80-84,1
2002,KWP Katowice,80-84,5
2002,KWP Poznań,80-84,4
2002,KSP Warszawa,80-84,1
2002,Polska,80-84,57
2003,KWP Kraków,80-84,4
2003,KWP Opole,80-84,1
2003,KWP Katowice,80-84,8
2003,KWP Poznań,80-84,2
2003,KSP Warszawa,80-84,2
2003,Polska,80-84,56
2004,KWP Kraków,80-84,5
2004,KWP Opole,80-84,0
2004,KWP Katowice,80-84,3
2004,KWP Poznań,80-84,7
2004,KSP Warszawa,80-84,8
2004,Polska,80-84,67
2005,KWP Kraków,80-84,7
2005,KWP Opole,80-84,2
2005,KWP Katowice,80-84,7
2005,KWP Poznań,80-84,5
2005,KSP Warszawa,80-84,4
2005,Polska,80-84,75
2006,KWP Kraków,80-84,9
2006,KWP Opole,80-84,0
2006,KWP Katowice,80-84,10
2006,KWP Poznań,80-84,10
2006,KSP Warszawa,80-84,6
2006,Polska,80-84,89
2007,KWP Kraków,80-84,5
2007,KWP Opole,80-84,1
2007,KWP Katowice,80-84,8
2007,KWP Poznań,80-84,8
2007,KSP Warszawa,80-84,2
2007,Polska,80-84,68
2008,KWP Kraków,80-84,6
2008,KWP Opole,80-84,4
2008,KWP Katowice,80-84,2
2008,KWP Poznań,80-84,9
2008,KSP Warszawa,80-84,9
2008,Polska,80-84,93
2009,KWP Kraków,80-84,13
2009,KWP Opole,80-84,3
2009,KWP Katowice,80-84,6
2009,KWP Poznań,80-84,2
2009,KSP Warszawa,80-84,6
2009,Polska,80-84,85
2010,KWP Kraków,80-84,13
2010,KWP Opole,80-84,2
2010,KWP Katowice,80-84,4
2010,KWP Poznań,80-84,3
2010,KSP Warszawa,80-84,8
2010,Polska,80-84,89
2011,KWP Kraków,80-84,9
2011,KWP Opole,80-84,3
2011,KWP Katowice,80-84,9
2011,KWP Poznań,80-84,4
2011,KSP Warszawa,80-84,2
2011,Polska,80-84,71
2012,KWP Kraków,80-84,10
2012,KWP Opole,80-84,2
2012,KWP Katowice,80-84,11
2012,KWP Poznań,80-84,8
2012,KSP Warszawa,80-84,7
2012,Polska,80-84,93
1999,KWP Kraków,85+,2
1999,KWP Opole,85+,3
1999,KWP Katowice,85+,7
1999,KWP Poznań,85+,4
1999,KSP Warszawa,85+,0
1999,Polska,85+,37
2000,KWP Kraków,85+,5
2000,KWP Opole,85+,0
2000,KWP Katowice,85+,6
2000,KWP Poznań,85+,6
2000,KSP Warszawa,85+,5
2000,Polska,85+,60
2001,KWP Kraków,85+,3
2001,KWP Opole,85+,3
2001,KWP Katowice,85+,2
2001,KWP Poznań,85+,3
2001,KSP Warszawa,85+,0
2001,Polska,85+,35
2002,KWP Kraków,85+,7
2002,KWP Opole,85+,2
2002,KWP Katowice,85+,7
2002,KWP Poznań,85+,6
2002,KSP Warszawa,85+,1
2002,Polska,85+,64
2003,KWP Kraków,85+,5
2003,KWP Opole,85+,2
2003,KWP Katowice,85+,4
2003,KWP Poznań,85+,1
2003,KSP Warszawa,85+,5
2003,Polska,85+,52
2004,KWP Kraków,85+,4
2004,KWP Opole,85+,0
2004,KWP Katowice,85+,4
2004,KWP Poznań,85+,6
2004,KSP Warszawa,85+,3
2004,Polska,85+,40
2005,KWP Kraków,85+,2
2005,KWP Opole,85+,1
2005,KWP Katowice,85+,5
2005,KWP Poznań,85+,6
2005,KSP Warszawa,85+,5
2005,Polska,85+,39
2006,KWP Kraków,85+,1
2006,KWP Opole,85+,1
2006,KWP Katowice,85+,1
2006,KWP Poznań,85+,0
2006,KSP Warszawa,85+,4
2006,Polska,85+,36
2007,KWP Kraków,85+,2
2007,KWP Opole,85+,2
2007,KWP Katowice,85+,7
2007,KWP Poznań,85+,5
2007,KSP Warszawa,85+,3
2007,Polska,85+,52
2008,KWP Kraków,85+,3
2008,KWP Opole,85+,3
2008,KWP Katowice,85+,1
2008,KWP Poznań,85+,4
2008,KSP Warszawa,85+,3
2008,Polska,85+,50
2009,KWP Kraków,85+,4
2009,KWP Opole,85+,0
2009,KWP Katowice,85+,5
2009,KWP Poznań,85+,5
2009,KSP Warszawa,85+,3
2009,Polska,85+,60
2010,KWP Kraków,85+,8
2010,KWP Opole,85+,1
2010,KWP Katowice,85+,1
2010,KWP Poznań,85+,4
2010,KSP Warszawa,85+,0
2010,Polska,85+,57
2011,KWP Kraków,85+,1
2011,KWP Opole,85+,1
2011,KWP Katowice,85+,4
2011,KWP Poznań,85+,5
2011,KSP Warszawa,85+,5
2011,Polska,85+,53
2012,KWP Kraków,85+,3
2012,KWP Opole,85+,1
2012,KWP Katowice,85+,12
2012,KWP Poznań,85+,3
2012,KSP Warszawa,85+,5
2012,Polska,85+,79
2013,KWP Katowice,0-6,0
2013,KWP Kraków,0-6,0
2013,KWP Opole,0-6,0
2013,KWP Poznań,0-6,0
2013,KSP Warszawa,0-6,0
2013,Polska,0-6,0
2014,KWP Katowice,0-6,0
2014,KWP Kraków,0-6,0
2014,KWP Opole,0-6,0
2014,KWP Poznań,0-6,0
2014,KSP Warszawa,0-6,0
2014,Polska,0-6,0
2015,KWP Katowice,0-6,0
2015,KWP Kraków,0-6,0
2015,KWP Opole,0-6,0
2015,KWP Poznań,0-6,0
2015,KSP Warszawa,0-6,0
2015,Polska,0-6,0
2016,KWP Katowice,0-6,0
2016,KWP Kraków,0-6,0
2016,KWP Opole,0-6,0
2016,KWP Poznań,0-6,0
2016,KSP Warszawa,0-6,0
2016,Polska,0-6,0
2013,KWP Katowice,7-12,2
2013,KWP Kraków,7-12,1
2013,KWP Opole,7-12,1
2013,KWP Poznań,7-12,3
2013,KSP Warszawa,7-12,1
2013,Polska,7-12,9
2014,KWP Katowice,7-12,2
2014,KWP Kraków,7-12,0
2014,KWP Opole,7-12,1
2014,KWP Poznań,7-12,1
2014,KSP Warszawa,7-12,0
2014,Polska,7-12,14
2015,KWP Katowice,7-12,1
2015,KWP Kraków,7-12,1
2015,KWP Opole,7-12,1
2015,KWP Poznań,7-12,1
2015,KSP Warszawa,7-12,0
2015,Polska,7-12,12
2016,KWP Katowice,7-12,1
2016,KWP Kraków,7-12,2
2016,KWP Opole,7-12,1
2016,KWP Poznań,7-12,0
2016,KSP Warszawa,7-12,0
2016,Polska,7-12,9
2013,KWP Katowice,13-18,44
2013,KWP Kraków,13-18,32
2013,KWP Opole,13-18,12
2013,KWP Poznań,13-18,14
2013,KSP Warszawa,13-18,11
2013,Polska,13-18,348
2014,KWP Katowice,13-18,52
2014,KWP Kraków,13-18,45
2014,KWP Opole,13-18,9
2014,KWP Poznań,13-18,21
2014,KSP Warszawa,13-18,14
2014,Polska,13-18,428
2015,KWP Katowice,13-18,72
2015,KWP Kraków,13-18,59
2015,KWP Opole,13-18,11
2015,KWP Poznań,13-18,17
2015,KSP Warszawa,13-18,20
2015,Polska,13-18,469
2016,KWP Katowice,13-18,82
2016,KWP Kraków,13-18,51
2016,KWP Opole,13-18,12
2016,KWP Poznań,13-18,24
2016,KSP Warszawa,13-18,5
2016,Polska,13-18,466
2013,KWP Katowice,19-24,103
2013,KWP Kraków,19-24,77
2013,KWP Opole,19-24,16
2013,KWP Poznań,19-24,43
2013,KSP Warszawa,19-24,37
2013,Polska,19-24,772
2014,KWP Katowice,19-24,166
2014,KWP Kraków,19-24,118
2014,KWP Opole,19-24,27
2014,KWP Poznań,19-24,68
2014,KSP Warszawa,19-24,66
2014,Polska,19-24,1172
2015,KWP Katowice,19-24,170
2015,KWP Kraków,19-24,97
2015,KWP Opole,19-24,22
2015,KWP Poznań,19-24,57
2015,KSP Warszawa,19-24,35
2015,Polska,19-24,1080
2016,KWP Katowice,19-24,155
2016,KWP Kraków,19-24,114
2016,KWP Opole,19-24,20
2016,KWP Poznań,19-24,43
2016,KSP Warszawa,19-24,56
2016,Polska,19-24,978
2013,KWP Katowice,25-29,117
2013,KWP Kraków,25-29,50
2013,KWP Opole,25-29,21
2013,KWP Poznań,25-29,34
2013,KSP Warszawa,25-29,43
2013,Polska,25-29,737
2014,KWP Katowice,25-29,143
2014,KWP Kraków,25-29,82
2014,KWP Opole,25-29,23
2014,KWP Poznań,25-29,48
2014,KSP Warszawa,25-29,39
2014,Polska,25-29,960
2015,KWP Katowice,25-29,157
2015,KWP Kraków,25-29,104
2015,KWP Opole,25-29,20
2015,KWP Poznań,25-29,48
2015,KSP Warszawa,25-29,42
2015,Polska,25-29,1042
2016,KWP Katowice,25-29,176
2016,KWP Kraków,25-29,97
2016,KWP Opole,25-29,33
2016,KWP Poznań,25-29,46
2016,KSP Warszawa,25-29,45
2016,Polska,25-29,1006
2013,KWP Katowice,30-34,87
2013,KWP Kraków,30-34,71
2013,KWP Opole,30-34,21
2013,KWP Poznań,30-34,39
2013,KSP Warszawa,30-34,47
2013,Polska,30-34,756
2014,KWP Katowice,30-34,154
2014,KWP Kraków,30-34,107
2014,KWP Opole,30-34,21
2014,KWP Poznań,30-34,48
2014,KSP Warszawa,30-34,38
2014,Polska,30-34,1005
2015,KWP Katowice,30-34,190
2015,KWP Kraków,30-34,83
2015,KWP Opole,30-34,27
2015,KWP Poznań,30-34,48
2015,KSP Warszawa,30-34,58
2015,Polska,30-34,1078
2016,KWP Katowice,30-34,153
2016,KWP Kraków,30-34,111
2016,KWP Opole,30-34,27
2016,KWP Poznań,30-34,61
2016,KSP Warszawa,30-34,43
2016,Polska,30-34,1072
2013,KWP Katowice,35-39,105
2013,KWP Kraków,35-39,51
2013,KWP Opole,35-39,23
2013,KWP Poznań,35-39,34
2013,KSP Warszawa,35-39,40
2013,Polska,35-39,740
2014,KWP Katowice,35-39,137
2014,KWP Kraków,35-39,84
2014,KWP Opole,35-39,18
2014,KWP Poznań,35-39,64
2014,KSP Warszawa,35-39,47
2014,Polska,35-39,934
2015,KWP Katowice,35-39,168
2015,KWP Kraków,35-39,77
2015,KWP Opole,35-39,28
2015,KWP Poznań,35-39,59
2015,KSP Warszawa,35-39,46
2015,Polska,35-39,995
2016,KWP Katowice,35-39,151
2016,KWP Kraków,35-39,81
2016,KWP Opole,35-39,19
2016,KWP Poznań,35-39,40
2016,KSP Warszawa,35-39,47
2016,Polska,35-39,949
2013,KWP Katowice,40-44,112
2013,KWP Kraków,40-44,39
2013,KWP Opole,40-44,13
2013,KWP Poznań,40-44,44
2013,KSP Warszawa,40-44,38
2013,Polska,40-44,644
2014,KWP Katowice,40-44,117
2014,KWP Kraków,40-44,80
2014,KWP Opole,40-44,15
2014,KWP Poznań,40-44,52
2014,KSP Warszawa,40-44,37
2014,Polska,40-44,864
2015,KWP Katowice,40-44,133
2015,KWP Kraków,40-44,83
2015,KWP Opole,40-44,22
2015,KWP Poznań,40-44,65
2015,KSP Warszawa,40-44,39
2015,Polska,40-44,879
2016,KWP Katowice,40-44,122
2016,KWP Kraków,40-44,94
2016,KWP Opole,40-44,17
2016,KWP Poznań,40-44,54
2016,KSP Warszawa,40-44,49
2016,Polska,40-44,888
2013,KWP Katowice,45-49,101
2013,KWP Kraków,45-49,50
2013,KWP Opole,45-49,20
2013,KWP Poznań,45-49,40
2013,KSP Warszawa,45-49,24
2013,Polska,45-49,625
2014,KWP Katowice,45-49,93
2014,KWP Kraków,45-49,81
2014,KWP Opole,45-49,22
2014,KWP Poznań,45-49,49
2014,KSP Warszawa,45-49,29
2014,Polska,45-49,735
2015,KWP Katowice,45-49,116
2015,KWP Kraków,45-49,63
2015,KWP Opole,45-49,16
2015,KWP Poznań,45-49,34
2015,KSP Warszawa,45-49,30
2015,Polska,45-49,727
2016,KWP Katowice,45-49,101
2016,KWP Kraków,45-49,81
2016,KWP Opole,45-49,20
2016,KWP Poznań,45-49,55
2016,KSP Warszawa,45-49,33
2016,Polska,45-49,777
2013,KWP Katowice,50-54,108
2013,KWP Kraków,50-54,61
2013,KWP Opole,50-54,24
2013,KWP Poznań,50-54,46
2013,KSP Warszawa,50-54,35
2013,Polska,50-54,775
2014,KWP Katowice,50-54,118
2014,KWP Kraków,50-54,100
2014,KWP Opole,50-54,22
2014,KWP Poznań,50-54,58
2014,KSP Warszawa,50-54,50
2014,Polska,50-54,890
2015,KWP Katowice,50-54,117
2015,KWP Kraków,50-54,85
2015,KWP Opole,50-54,16
2015,KWP Poznań,50-54,56
2015,KSP Warszawa,50-54,40
2015,Polska,50-54,838
2016,KWP Katowice,50-54,108
2016,KWP Kraków,50-54,80
2016,KWP Opole,50-54,19
2016,KWP Poznań,50-54,48
2016,KSP Warszawa,50-54,34
2016,Polska,50-54,787
2013,KWP Katowice,55-59,98
2013,KWP Kraków,55-59,67
2013,KWP Opole,55-59,25
2013,KWP Poznań,55-59,64
2013,KSP Warszawa,55-59,62
2013,Polska,55-59,892
2014,KWP Katowice,55-59,117
2014,KWP Kraków,55-59,96
2014,KWP Opole,55-59,21
2014,KWP Poznań,55-59,52
2014,KSP Warszawa,55-59,53
2014,Polska,55-59,930
2015,KWP Katowice,55-59,109
2015,KWP Kraków,55-59,70
2015,KWP Opole,55-59,24
2015,KWP Poznań,55-59,75
2015,KSP Warszawa,55-59,52
2015,Polska,55-59,890
2016,KWP Katowice,55-59,107
2016,KWP Kraków,55-59,91
2016,KWP Opole,55-59,27
2016,KWP Poznań,55-59,61
2016,KSP Warszawa,55-59,42
2016,Polska,55-59,878
2013,KWP Katowice,60-64,83
2013,KWP Kraków,60-64,53
2013,KWP Opole,60-64,19
2013,KWP Poznań,60-64,32
2013,KSP Warszawa,60-64,35
2013,Polska,60-64,623
2014,KWP Katowice,60-64,90
2014,KWP Kraków,60-64,85
2014,KWP Opole,60-64,21
2014,KWP Poznań,60-64,59
2014,KSP Warszawa,60-64,44
2014,Polska,60-64,762
2015,KWP Katowice,60-64,97
2015,KWP Kraków,60-64,66
2015,KWP Opole,60-64,16
2015,KWP Poznań,60-64,57
2015,KSP Warszawa,60-64,39
2015,Polska,60-64,754
2016,KWP Katowice,60-64,107
2016,KWP Kraków,60-64,69
2016,KWP Opole,60-64,11
2016,KWP Poznań,60-64,45
2016,KSP Warszawa,60-64,43
2016,Polska,60-64,732
2013,KWP Katowice,65-69,37
2013,KWP Kraków,65-69,24
2013,KWP Opole,65-69,6
2013,KWP Poznań,65-69,32
2013,KSP Warszawa,65-69,24
2013,Polska,65-69,337
2014,KWP Katowice,65-69,49
2014,KWP Kraków,65-69,43
2014,KWP Opole,65-69,11
2014,KWP Poznań,65-69,31
2014,KSP Warszawa,65-69,28
2014,Polska,65-69,443
2015,KWP Katowice,65-69,52
2015,KWP Kraków,65-69,37
2015,KWP Opole,65-69,12
2015,KWP Poznań,65-69,31
2015,KSP Warszawa,65-69,23
2015,Polska,65-69,417
2016,KWP Katowice,65-69,44
2016,KWP Kraków,65-69,53
2016,KWP Opole,65-69,16
2016,KWP Poznań,65-69,25
2016,KSP Warszawa,65-69,27
2016,Polska,65-69,430
2013,KWP Katowice,70-74,28
2013,KWP Kraków,70-74,27
2013,KWP Opole,70-74,3
2013,KWP Poznań,70-74,11
2013,KSP Warszawa,70-74,12
2013,Polska,70-74,223
2014,KWP Katowice,70-74,38
2014,KWP Kraków,70-74,21
2014,KWP Opole,70-74,3
2014,KWP Poznań,70-74,13
2014,KSP Warszawa,70-74,15
2014,Polska,70-74,225
2015,KWP Katowice,70-74,40
2015,KWP Kraków,70-74,21
2015,KWP Opole,70-74,5
2015,KWP Poznań,70-74,4
2015,KSP Warszawa,70-74,9
2015,Polska,70-74,226
2016,KWP Katowice,70-74,28
2016,KWP Kraków,70-74,36
2016,KWP Opole,70-74,10
2016,KWP Poznań,70-74,15
2016,KSP Warszawa,70-74,7
2016,Polska,70-74,263
2013,KWP Katowice,75-79,21
2013,KWP Kraków,75-79,12
2013,KWP Opole,75-79,8
2013,KWP Poznań,75-79,12
2013,KSP Warszawa,75-79,9
2013,Polska,75-79,168
2014,KWP Katowice,75-79,29
2014,KWP Kraków,75-79,12
2014,KWP Opole,75-79,7
2014,KWP Poznań,75-79,19
2014,KSP Warszawa,75-79,5
2014,Polska,75-79,203
2015,KWP Katowice,75-79,30
2015,KWP Kraków,75-79,27
2015,KWP Opole,75-79,8
2015,KWP Poznań,75-79,8
2015,KSP Warszawa,75-79,10
2015,Polska,75-79,199
2016,KWP Katowice,75-79,34
2016,KWP Kraków,75-79,29
2016,KWP Opole,75-79,3
2016,KWP Poznań,75-79,10
2016,KSP Warszawa,75-79,13
2016,Polska,75-79,208
2013,KWP Katowice,80-84,20
2013,KWP Kraków,80-84,16
2013,KWP Opole,80-84,3
2013,KWP Poznań,80-84,6
2013,KSP Warszawa,80-84,8
2013,Polska,80-84,134
2014,KWP Katowice,80-84,14
2014,KWP Kraków,80-84,24
2014,KWP Opole,80-84,7
2014,KWP Poznań,80-84,10
2014,KSP Warszawa,80-84,16
2014,Polska,80-84,162
2015,KWP Katowice,80-84,16
2015,KWP Kraków,80-84,14
2015,KWP Opole,80-84,5
2015,KWP Poznań,80-84,5
2015,KSP Warszawa,80-84,6
2015,Polska,80-84,142
2016,KWP Katowice,80-84,20
2016,KWP Kraków,80-84,20
2016,KWP Opole,80-84,5
2016,KWP Poznań,80-84,10
2016,KSP Warszawa,80-84,8
2016,Polska,80-84,169
2013,KWP Katowice,85+,16
2013,KWP Kraków,85+,12
2013,KWP Opole,85+,3
2013,KWP Poznań,85+,7
2013,KSP Warszawa,85+,15
2013,Polska,85+,133
2014,KWP Katowice,85+,12
2014,KWP Kraków,85+,11
2014,KWP Opole,85+,0
2014,KWP Poznań,85+,5
2014,KSP Warszawa,85+,13
2014,Polska,85+,113
2015,KWP Katowice,85+,16
2015,KWP Kraków,85+,7
2015,KWP Opole,85+,1
2015,KWP Poznań,85+,9
2015,KSP Warszawa,85+,10
2015,Polska,85+,125
2016,KWP Katowice,85+,21
2016,KWP Kraków,85+,11
2016,KWP Opole,85+,4
2016,KWP Poznań,85+,9
2016,KSP Warszawa,85+,17
2016,Polska,85+,145
2017,KWP Katowice,0-6,0
2017,KWP Kraków,0-6,0
2017,KWP Opole,0-6,0
2017,KWP Poznań,0-6,0
2017,KSP Warszawa,0-6,0
2017,Polska,0-6,0
2018,KWP Katowice,0-6,0
2018,KWP Kraków,0-6,0
2018,KWP Opole,0-6,0
2018,KWP Poznań,0-6,0
2018,KSP Warszawa,0-6,0
2018,Polska,0-6,0
2019,KWP Katowice,0-6,0
2019,KWP Kraków,0-6,0
2019,KWP Opole,0-6,0
2019,KWP Poznań,0-6,0
2019,KSP Warszawa,0-6,0
2019,Polska,0-6,0
2020,KWP Katowice,0-6,0
2020,KWP Kraków,0-6,0
2020,KWP Opole,0-6,0
2020,KWP Poznań,0-6,0
2020,KSP Warszawa,0-6,0
2020,Polska,0-6,0
2017,KWP Katowice,7-12,4
2017,KWP Kraków,7-12,4
2017,KWP Opole,7-12,1
2017,KWP Poznań,7-12,1
2017,KSP Warszawa,7-12,2
2017,Polska,7-12,28
2018,KWP Katowice,7-12,3
2018,KWP Kraków,7-12,1
2018,KWP Opole,7-12,2
2018,KWP Poznań,7-12,0
2018,KSP Warszawa,7-12,0
2018,Polska,7-12,26
2019,KWP Katowice,7-12,10
2019,KWP Kraków,7-12,2
2019,KWP Opole,7-12,1
2019,KWP Poznań,7-12,3
2019,KSP Warszawa,7-12,4
2019,Polska,7-12,46
2020,KWP Katowice,7-12,4
2020,KWP Kraków,7-12,4
2020,KWP Opole,7-12,0
2020,KWP Poznań,7-12,1
2020,KSP Warszawa,7-12,0
2020,Polska,7-12,29
2017,KWP Katowice,13-18,125
2017,KWP Kraków,13-18,74
2017,KWP Opole,13-18,9
2017,KWP Poznań,13-18,33
2017,KSP Warszawa,13-18,18
2017,Polska,13-18,702
2018,KWP Katowice,13-18,117
2018,KWP Kraków,13-18,77
2018,KWP Opole,13-18,14
2018,KWP Poznań,13-18,42
2018,KSP Warszawa,13-18,27
2018,Polska,13-18,746
2019,KWP Katowice,13-18,137
2019,KWP Kraków,13-18,96
2019,KWP Opole,13-18,9
2019,KWP Poznań,13-18,42
2019,KSP Warszawa,13-18,32
2019,Polska,13-18,905
2020,KWP Katowice,13-18,126
2020,KWP Kraków,13-18,76
2020,KWP Opole,13-18,15
2020,KWP Poznań,13-18,32
2020,KSP Warszawa,13-18,38
2020,Polska,13-18,814
2017,KWP Katowice,19-24,151
2017,KWP Kraków,19-24,112
2017,KWP Opole,19-24,23
2017,KWP Poznań,19-24,64
2017,KSP Warszawa,19-24,41
2017,Polska,19-24,1143
2018,KWP Katowice,19-24,170
2018,KWP Kraków,19-24,109
2018,KWP Opole,19-24,17
2018,KWP Poznań,19-24,60
2018,KSP Warszawa,19-24,40
2018,Polska,19-24,1143
2019,KWP Katowice,19-24,191
2019,KWP Kraków,19-24,107
2019,KWP Opole,19-24,20
2019,KWP Poznań,19-24,54
2019,KSP Warszawa,19-24,40
2019,Polska,19-24,1226
2020,KWP Katowice,19-24,209
2020,KWP Kraków,19-24,120
2020,KWP Opole,19-24,21
2020,KWP Poznań,19-24,63
2020,KSP Warszawa,19-24,61
2020,Polska,19-24,1242
2017,KWP Katowice,25-29,207
2017,KWP Kraków,25-29,98
2017,KWP Opole,25-29,28
2017,KWP Poznań,25-29,62
2017,KSP Warszawa,25-29,37
2017,Polska,25-29,1199
2018,KWP Katowice,25-29,170
2018,KWP Kraków,25-29,84
2018,KWP Opole,25-29,13
2018,KWP Poznań,25-29,65
2018,KSP Warszawa,25-29,39
2018,Polska,25-29,1104
2019,KWP Katowice,25-29,161
2019,KWP Kraków,25-29,98
2019,KWP Opole,25-29,20
2019,KWP Poznań,25-29,78
2019,KSP Warszawa,25-29,52
2019,Polska,25-29,1183
2020,KWP Katowice,25-29,178
2020,KWP Kraków,25-29,103
2020,KWP Opole,25-29,13
2020,KWP Poznań,25-29,76
2020,KSP Warszawa,25-29,49
2020,Polska,25-29,1222
2017,KWP Katowice,30-34,225
2017,KWP Kraków,30-34,96
2017,KWP Opole,30-34,32
2017,KWP Poznań,30-34,75
2017,KSP Warszawa,30-34,54
2017,Polska,30-34,1263
2018,KWP Katowice,30-34,178
2018,KWP Kraków,30-34,108
2018,KWP Opole,30-34,24
2018,KWP Poznań,30-34,83
2018,KSP Warszawa,30-34,65
2018,Polska,30-34,1226
2019,KWP Katowice,30-34,194
2019,KWP Kraków,30-34,108
2019,KWP Opole,30-34,29
2019,KWP Poznań,30-34,86
2019,KSP Warszawa,30-34,58
2019,Polska,30-34,1363
2020,KWP Katowice,30-34,182
2020,KWP Kraków,30-34,110
2020,KWP Opole,30-34,25
2020,KWP Poznań,30-34,80
2020,KSP Warszawa,30-34,51
2020,Polska,30-34,1265
2017,KWP Katowice,35-39,164
2017,KWP Kraków,35-39,98
2017,KWP Opole,35-39,29
2017,KWP Poznań,35-39,76
2017,KSP Warszawa,35-39,43
2017,Polska,35-39,1140
2018,KWP Katowice,35-39,201
2018,KWP Kraków,35-39,97
2018,KWP Opole,35-39,28
2018,KWP Poznań,35-39,78
2018,KSP Warszawa,35-39,54
2018,Polska,35-39,1210
2019,KWP Katowice,35-39,180
2019,KWP Kraków,35-39,112
2019,KWP Opole,35-39,27
2019,KWP Poznań,35-39,74
2019,KSP Warszawa,35-39,51
2019,Polska,35-39,1337
2020,KWP Katowice,35-39,182
2020,KWP Kraków,35-39,133
2020,KWP Opole,35-39,15
2020,KWP Poznań,35-39,99
2020,KSP Warszawa,35-39,58
2020,Polska,35-39,1390
2017,KWP Katowice,40-44,168
2017,KWP Kraków,40-44,96
2017,KWP Opole,40-44,22
2017,KWP Poznań,40-44,75
2017,KSP Warszawa,40-44,48
2017,Polska,40-44,1039
2018,KWP Katowice,40-44,186
2018,KWP Kraków,40-44,112
2018,KWP Opole,40-44,18
2018,KWP Poznań,40-44,60
2018,KSP Warszawa,40-44,48
2018,Polska,40-44,1115
2019,KWP Katowice,40-44,145
2019,KWP Kraków,40-44,99
2019,KWP Opole,40-44,15
2019,KWP Poznań,40-44,81
2019,KSP Warszawa,40-44,52
2019,Polska,40-44,1142
2020,KWP Katowice,40-44,195
2020,KWP Kraków,40-44,128
2020,KWP Opole,40-44,17
2020,KWP Poznań,40-44,97
2020,KSP Warszawa,40-44,47
2020,Polska,40-44,1235
2017,KWP Katowice,45-49,134
2017,KWP Kraków,45-49,81
2017,KWP Opole,45-49,19
2017,KWP Poznań,45-49,54
2017,KSP Warszawa,45-49,25
2017,Polska,45-49,873
2018,KWP Katowice,45-49,149
2018,KWP Kraków,45-49,107
2018,KWP Opole,45-49,21
2018,KWP Poznań,45-49,67
2018,KSP Warszawa,45-49,29
2018,Polska,45-49,904
2019,KWP Katowice,45-49,164
2019,KWP Kraków,45-49,83
2019,KWP Opole,45-49,19
2019,KWP Poznań,45-49,62
2019,KSP Warszawa,45-49,39
2019,Polska,45-49,971
2020,KWP Katowice,45-49,134
2020,KWP Kraków,45-49,96
2020,KWP Opole,45-49,13
2020,KWP Poznań,45-49,58
2020,KSP Warszawa,45-49,54
2020,Polska,45-49,994
2017,KWP Katowice,50-54,114
2017,KWP Kraków,50-54,77
2017,KWP Opole,50-54,16
2017,KWP Poznań,50-54,47
2017,KSP Warszawa,50-54,30
2017,Polska,50-54,796
2018,KWP Katowice,50-54,100
2018,KWP Kraków,50-54,75
2018,KWP Opole,50-54,10
2018,KWP Poznań,50-54,59
2018,KSP Warszawa,50-54,37
2018,Polska,50-54,778
2019,KWP Katowice,50-54,97
2019,KWP Kraków,50-54,76
2019,KWP Opole,50-54,14
2019,KWP Poznań,50-54,53
2019,KSP Warszawa,50-54,29
2019,Polska,50-54,741
2020,KWP Katowice,50-54,105
2020,KWP Kraków,50-54,73
2020,KWP Opole,50-54,17
2020,KWP Poznań,50-54,42
2020,KSP Warszawa,50-54,35
2020,Polska,50-54,804
2017,KWP Katowice,55-59,128
2017,KWP Kraków,55-59,97
2017,KWP Opole,55-59,22
2017,KWP Poznań,55-59,55
2017,KSP Warszawa,55-59,41
2017,Polska,55-59,911
2018,KWP Katowice,55-59,152
2018,KWP Kraków,55-59,70
2018,KWP Opole,55-59,14
2018,KWP Poznań,55-59,55
2018,KSP Warszawa,55-59,34
2018,Polska,55-59,841
2019,KWP Katowice,55-59,88
2019,KWP Kraków,55-59,88
2019,KWP Opole,55-59,12
2019,KWP Poznań,55-59,58
2019,KSP Warszawa,55-59,33
2019,Polska,55-59,757
2020,KWP Katowice,55-59,101
2020,KWP Kraków,55-59,60
2020,KWP Opole,55-59,12
2020,KWP Poznań,55-59,49
2020,KSP Warszawa,55-59,28
2020,Polska,55-59,727
2017,KWP Katowice,60-64,81
2017,KWP Kraków,60-64,53
2017,KWP Opole,60-64,10
2017,KWP Poznań,60-64,53
2017,KSP Warszawa,60-64,44
2017,Polska,60-64,759
2018,KWP Katowice,60-64,86
2018,KWP Kraków,60-64,68
2018,KWP Opole,60-64,18
2018,KWP Poznań,60-64,62
2018,KSP Warszawa,60-64,35
2018,Polska,60-64,768
2019,KWP Katowice,60-64,78
2019,KWP Kraków,60-64,73
2019,KWP Opole,60-64,20
2019,KWP Poznań,60-64,51
2019,KSP Warszawa,60-64,36
2019,Polska,60-64,788
2020,KWP Katowice,60-64,121
2020,KWP Kraków,60-64,79
2020,KWP Opole,60-64,13
2020,KWP Poznań,60-64,53
2020,KSP Warszawa,60-64,21
2020,Polska,60-64,810
2017,KWP Katowice,65-69,55
2017,KWP Kraków,65-69,45
2017,KWP Opole,65-69,13
2017,KWP Poznań,65-69,34
2017,KSP Warszawa,65-69,25
2017,Polska,65-69,509
2018,KWP Katowice,65-69,65
2018,KWP Kraków,65-69,35
2018,KWP Opole,65-69,6
2018,KWP Poznań,65-69,37
2018,KSP Warszawa,65-69,27
2018,Polska,65-69,468
2019,KWP Katowice,65-69,67
2019,KWP Kraków,65-69,49
2019,KWP Opole,65-69,13
2019,KWP Poznań,65-69,35
2019,KSP Warszawa,65-69,32
2019,Polska,65-69,578
2020,KWP Katowice,65-69,58
2020,KWP Kraków,65-69,67
2020,KWP Opole,65-69,10
2020,KWP Poznań,65-69,40
2020,KSP Warszawa,65-69,36
2020,Polska,65-69,557
2017,KWP Katowice,70-74,36
2017,KWP Kraków,70-74,32
2017,KWP Opole,70-74,3
2017,KWP Poznań,70-74,16
2017,KSP Warszawa,70-74,16
2017,Polska,70-74,274
2018,KWP Katowice,70-74,37
2018,KWP Kraków,70-74,38
2018,KWP Opole,70-74,11
2018,KWP Poznań,70-74,12
2018,KSP Warszawa,70-74,25
2018,Polska,70-74,328
2019,KWP Katowice,70-74,42
2019,KWP Kraków,70-74,28
2019,KWP Opole,70-74,7
2019,KWP Poznań,70-74,34
2019,KSP Warszawa,70-74,20
2019,Polska,70-74,371
2020,KWP Katowice,70-74,41
2020,KWP Kraków,70-74,40
2020,KWP Opole,70-74,7
2020,KWP Poznań,70-74,22
2020,KSP Warszawa,70-74,29
2020,Polska,70-74,373
2017,KWP Katowice,75-79,29
2017,KWP Kraków,75-79,23
2017,KWP Opole,75-79,3
2017,KWP Poznań,75-79,11
2017,KSP Warszawa,75-79,10
2017,Polska,75-79,185
2018,KWP Katowice,75-79,32
2018,KWP Kraków,75-79,22
2018,KWP Opole,75-79,8
2018,KWP Poznań,75-79,8
2018,KSP Warszawa,75-79,10
2018,Polska,75-79,202
2019,KWP Katowice,75-79,32
2019,KWP Kraków,75-79,20
2019,KWP Opole,75-79,5
2019,KWP Poznań,75-79,12
2019,KSP Warszawa,75-79,8
2019,Polska,75-79,200
2020,KWP Katowice,75-79,26
2020,KWP Kraków,75-79,15
2020,KWP Opole,75-79,4
2020,KWP Poznań,75-79,12
2020,KSP Warszawa,75-79,9
2020,Polska,75-79,196
2017,KWP Katowice,80-84,28
2017,KWP Kraków,80-84,22
2017,KWP Opole,80-84,4
2017,KWP Poznań,80-84,12
2017,KSP Warszawa,80-84,13
2017,Polska,80-84,177
2018,KWP Katowice,80-84,16
2018,KWP Kraków,80-84,15
2018,KWP Opole,80-84,3
2018,KWP Poznań,80-84,10
2018,KSP Warszawa,80-84,15
2018,Polska,80-84,142
2019,KWP Katowice,80-84,16
2019,KWP Kraków,80-84,16
2019,KWP Opole,80-84,1
2019,KWP Poznań,80-84,9
2019,KSP Warszawa,80-84,8
2019,Polska,80-84,162
2020,KWP Katowice,80-84,29
2020,KWP Kraków,80-84,22
2020,KWP Opole,80-84,6
2020,KWP Poznań,80-84,9
2020,KSP Warszawa,80-84,11
2020,Polska,80-84,171
2017,KWP Katowice,85+,18
2017,KWP Kraków,85+,13
2017,KWP Opole,85+,0
2017,KWP Poznań,85+,9
2017,KSP Warszawa,85+,14
2017,Polska,85+,132
2018,KWP Katowice,85+,24
2018,KWP Kraków,85+,12
2018,KWP Opole,85+,3
2018,KWP Poznań,85+,8
2018,KSP Warszawa,85+,10
2018,Polska,85+,159
2019,KWP Katowice,85+,18
2019,KWP Kraków,85+,20
2019,KWP Opole,85+,3
2019,KWP Poznań,85+,15
2019,KSP Warszawa,85+,22
2019,Polska,85+,180
2020,KWP Katowice,85+,18
2020,KWP Kraków,85+,22
2020,KWP Opole,85+,6
2020,KWP Poznań,85+,13
2020,KSP Warszawa,85+,18
2020,Polska,85+,177
